{
  "best_iou_per_manual": [
    0.684127897849181,
    0.8875241512558653,
    0.8103173196241801
  ],
  "best_iou_per_sam": [
    0.0,
    0.0,
    0.0,
    0.0,
    0.0,
    0.0,
    0.0,
    0.0,
    0.0,
    0.8875241512558653,
    0.0,
    0.684127897849181,
    0.0,
    0.0,
    0.0,
    0.0,
    0.0,
    0.0,
    0.0,
    0.0,
    0.8103173196241801,
    0.0,
    0.0,
    0.0,
    0.0,
    0.0,
    0.0,
    0.0,
    0.0,
    0.0,
    0.0,
    0.0,
    0.0,
    0.0
  ],
  "mean_iou": 0.7939897895764089,
  "max_iou": 0.8875241512558653,
  "matched_manual": 3,
  "matched_sam": 3,
  "total_manual": 3,
  "total_sam": 34
}