{
  "best_iou_per_manual": [
    0.7230187602539411,
    0.7264253722309648,
    0.8090757322810745,
    0.0,
    0.0,
    0.8018433179723502,
    0.0,
    0.7466365299752449
  ],
  "best_iou_per_sam": [
    0.7466365299752449,
    0.8090757322810745,
    0.7230187602539411,
    0.0,
    0.0,
    0.0,
    0.0,
    0.8018433179723502,
    0.0,
    0.0,
    0.0,
    0.0,
    0.0,
    0.0,
    0.0,
    0.0,
    0.0,
    0.0,
    0.0,
    0.7264253722309648,
    0.0,
    0.0,
    0.0,
    0.0,
    0.0,
    0.0,
    0.0,
    0.0
  ],
  "mean_iou": 0.47587496408919694,
  "max_iou": 0.8090757322810745,
  "matched_manual": 5,
  "matched_sam": 5,
  "total_manual": 8,
  "total_sam": 28
}