{
  "best_iou_per_manual": [
    0.0,
    0.6702139703385034,
    0.7927599611273081,
    0.6388813220739127,
    0.829611883085769,
    0.5972039670211495,
    0.8616522110052609,
    0.8454042447766125,
    0.7674511901577962,
    0.8354525056095736,
    0.6615223646351033
  ],
  "best_iou_per_sam": [
    0.6615223646351033,
    0.6702139703385034,
    0.0,
    0.0,
    0.7927599611273081,
    0.8454042447766125,
    0.7674511901577962,
    0.0,
    0.0,
    0.0,
    0.0,
    0.0,
    0.8616522110052609,
    0.829611883085769,
    0.8354525056095736,
    0.0,
    0.005178295334625862,
    0.0,
    0.0,
    0.0,
    0.0,
    0.0029830957905203847,
    0.0,
    0.0,
    0.0,
    0.0,
    0.6388813220739127,
    0.0,
    0.0,
    0.0,
    0.0,
    0.0,
    0.0,
    0.0,
    0.0,
    0.0,
    0.5972039670211495
  ],
  "mean_iou": 0.6818321472573626,
  "max_iou": 0.8616522110052609,
  "matched_manual": 10,
  "matched_sam": 10,
  "total_manual": 11,
  "total_sam": 37
}