{
  "best_iou_per_manual": [
    0.8734272019173157,
    0.46833261525204656,
    0.7834192780642603,
    0.8260132340777502,
    0.6349089571454847
  ],
  "best_iou_per_sam": [
    0.0,
    0.0,
    0.0,
    0.8260132340777502,
    0.0,
    0.0,
    0.7834192780642603,
    0.0,
    0.0,
    0.46833261525204656,
    0.0,
    0.0,
    0.0,
    0.0,
    0.8734272019173157,
    0.6349089571454847,
    0.0,
    0.0,
    0.0,
    0.0,
    0.0,
    0.0,
    0.0,
    0.0,
    0.0,
    0.0,
    0.0,
    0.0,
    0.0,
    0.0,
    0.0,
    0.0,
    0.0,
    0.0,
    0.0
  ],
  "mean_iou": 0.7172202572913715,
  "max_iou": 0.8734272019173157,
  "matched_manual": 4,
  "matched_sam": 4,
  "total_manual": 5,
  "total_sam": 35
}