{
  "best_iou_per_manual": [
    0.8468315233983166
  ],
  "best_iou_per_sam": [
    0.8468315233983166,
    0.0,
    0.0,
    0.0,
    0.0,
    0.0,
    0.0,
    0.0,
    0.0,
    0.0,
    0.0,
    0.0,
    0.0,
    0.0,
    0.0,
    0.0,
    0.0,
    0.0,
    0.0,
    0.0,
    0.0,
    0.0,
    0.0,
    0.0,
    0.0,
    0.0,
    0.0
  ],
  "mean_iou": 0.8468315233983166,
  "max_iou": 0.8468315233983166,
  "matched_manual": 1,
  "matched_sam": 1,
  "total_manual": 1,
  "total_sam": 27
}