{
  "best_iou_per_manual": [
    0.0,
    0.39947314372460596,
    0.8796016898008449
  ],
  "best_iou_per_sam": [
    0.0,
    0.011652867218644588,
    0.0,
    0.0,
    0.0,
    0.0,
    0.0,
    0.0,
    0.0,
    0.8796016898008449,
    0.0,
    0.0,
    0.0,
    0.0,
    0.39947314372460596,
    0.0,
    0.0,
    0.0,
    0.0,
    0.0,
    0.0,
    0.0,
    0.0,
    0.0,
    0.0,
    0.0,
    0.0,
    0.0
  ],
  "mean_iou": 0.42635827784181696,
  "max_iou": 0.8796016898008449,
  "matched_manual": 1,
  "matched_sam": 1,
  "total_manual": 3,
  "total_sam": 28
}