{
  "best_iou_per_manual": [
    0.0,
    0.8957768306857807,
    0.0,
    0.0
  ],
  "best_iou_per_sam": [
    0.8957768306857807,
    0.0,
    0.0,
    0.0,
    0.0,
    0.0,
    0.0,
    0.0,
    0.0,
    0.0,
    0.0,
    0.0,
    0.0,
    0.0,
    0.0,
    0.0,
    0.0,
    0.0,
    0.0,
    0.0,
    0.0,
    0.0,
    0.0
  ],
  "mean_iou": 0.22394420767144518,
  "max_iou": 0.8957768306857807,
  "matched_manual": 1,
  "matched_sam": 1,
  "total_manual": 4,
  "total_sam": 23
}