{
  "best_iou_per_manual": [
    0.8032919046019483,
    0.8440916579302081,
    0.0,
    0.8427427632929583
  ],
  "best_iou_per_sam": [
    0.0,
    0.0,
    0.0,
    0.0,
    0.0,
    0.8427427632929583,
    0.0,
    0.0,
    0.0,
    0.0,
    0.0,
    0.0,
    0.0,
    0.0,
    0.0,
    0.8032919046019483,
    0.0,
    0.0,
    0.0,
    0.0,
    0.8440916579302081,
    0.0,
    0.0,
    0.0,
    0.0
  ],
  "mean_iou": 0.6225315814562786,
  "max_iou": 0.8440916579302081,
  "matched_manual": 3,
  "matched_sam": 3,
  "total_manual": 4,
  "total_sam": 25
}