{
  "best_iou_per_manual": [
    0.7784112713118798,
    0.9066380672838112,
    0.8794801102796377,
    0.7857009781089893,
    0.5647868158451769,
    0.9060937871935254
  ],
  "best_iou_per_sam": [
    0.9060937871935254,
    0.8794801102796377,
    0.0,
    0.0,
    0.0,
    0.0,
    0.0,
    0.0,
    0.0,
    0.9066380672838112,
    0.5647868158451769,
    0.0,
    0.7857009781089893,
    0.0,
    0.0,
    0.0,
    0.0,
    0.0,
    0.0,
    0.0,
    0.7784112713118798,
    0.0,
    0.0,
    0.0,
    0.0,
    0.03243915152973255
  ],
  "mean_iou": 0.8035185050038368,
  "max_iou": 0.9066380672838112,
  "matched_manual": 6,
  "matched_sam": 6,
  "total_manual": 6,
  "total_sam": 26
}