{
  "best_iou_per_manual": [
    0.9125880230460339,
    0.7810351067680058,
    0.6643092003226007,
    0.8764170748775367,
    0.8903958944281525,
    0.8721161825726141,
    0.005724410522011721,
    0.7650651212064561,
    0.8074929526234428
  ],
  "best_iou_per_sam": [
    0.6643092003226007,
    0.0,
    0.8074929526234428,
    0.0,
    0.005642719515551885,
    0.7650651212064561,
    0.8721161825726141,
    0.0,
    0.8764170748775367,
    0.8903958944281525,
    0.9125880230460339,
    0.0,
    0.0,
    0.0,
    0.0,
    0.0,
    0.0,
    0.0,
    0.0,
    0.7810351067680058,
    9.009820704567979e-05,
    0.0,
    0.008399764592584666,
    0.0,
    0.0,
    0.0,
    0.0,
    0.0036112934996717005,
    0.0,
    0.0,
    0.0,
    0.0,
    0.005724410522011721
  ],
  "mean_iou": 0.7305715518185393,
  "max_iou": 0.9125880230460339,
  "matched_manual": 8,
  "matched_sam": 8,
  "total_manual": 9,
  "total_sam": 33
}