{
  "best_iou_per_manual": [
    0.863267070008643,
    0.8199164908184797,
    0.853775469436676
  ],
  "best_iou_per_sam": [
    0.853775469436676,
    0.0,
    0.8199164908184797,
    0.863267070008643,
    0.0,
    0.0,
    0.0,
    0.0,
    0.0,
    0.0,
    0.0,
    0.0,
    0.0,
    0.0,
    0.0,
    0.0,
    0.0,
    0.0,
    0.0,
    0.0,
    0.0,
    0.0,
    0.0,
    0.0,
    0.0,
    0.0
  ],
  "mean_iou": 0.8456530100879328,
  "max_iou": 0.863267070008643,
  "matched_manual": 3,
  "matched_sam": 3,
  "total_manual": 3,
  "total_sam": 26
}