{
  "best_iou_per_manual": [
    0.9166538283777538,
    0.43288355042508386,
    0.8577451380388957,
    0.794971930680986,
    0.7722337125129266
  ],
  "best_iou_per_sam": [
    0.7722337125129266,
    0.0,
    0.0,
    0.8577451380388957,
    0.9166538283777538,
    0.0,
    0.0,
    0.0,
    0.0,
    0.0,
    0.0,
    0.0,
    0.0,
    0.794971930680986,
    0.0,
    0.0,
    0.43288355042508386,
    0.02136015325670498,
    0.39491558315544345,
    0.0,
    0.0,
    0.0
  ],
  "mean_iou": 0.7548976320071292,
  "max_iou": 0.9166538283777538,
  "matched_manual": 4,
  "matched_sam": 4,
  "total_manual": 5,
  "total_sam": 22
}