{
  "best_iou_per_manual": [
    0.8671792552389568,
    0.0,
    0.8078038173471853,
    0.8054005252790545,
    0.0,
    0.7968171216902181,
    0.8907781294335916
  ],
  "best_iou_per_sam": [
    0.7968171216902181,
    0.0,
    0.8907781294335916,
    0.0,
    0.8078038173471853,
    0.0,
    0.0,
    0.8054005252790545,
    0.8671792552389568,
    0.0,
    0.0,
    0.0,
    0.0,
    0.0,
    0.0,
    0.0,
    0.0,
    0.0
  ],
  "mean_iou": 0.5954255498555724,
  "max_iou": 0.8907781294335916,
  "matched_manual": 5,
  "matched_sam": 5,
  "total_manual": 7,
  "total_sam": 18
}