{
  "best_iou_per_manual": [
    0.0,
    0.8829554766457252,
    0.4789203084832905,
    0.8531566096965469,
    0.5992699010833726,
    0.0
  ],
  "best_iou_per_sam": [
    0.8531566096965469,
    0.0,
    0.0,
    0.0,
    0.8829554766457252,
    0.0,
    0.5992699010833726,
    0.0,
    0.0,
    0.0,
    0.0,
    0.4789203084832905,
    0.0,
    0.0,
    0.0,
    0.0,
    0.0,
    0.0,
    0.0,
    0.0,
    0.0,
    0.0,
    0.0
  ],
  "mean_iou": 0.4690503826514892,
  "max_iou": 0.8829554766457252,
  "matched_manual": 3,
  "matched_sam": 3,
  "total_manual": 6,
  "total_sam": 23
}