{
  "best_iou_per_manual": [
    0.5585890102270757,
    0.8166830708661418,
    0.890387275242047
  ],
  "best_iou_per_sam": [
    0.0,
    0.5585890102270757,
    0.8166830708661418,
    0.0,
    0.0,
    0.0,
    0.0,
    0.0,
    0.0,
    0.0,
    0.0,
    0.890387275242047,
    0.0,
    0.0,
    0.0,
    0.0,
    0.0,
    0.0
  ],
  "mean_iou": 0.7552197854450883,
  "max_iou": 0.890387275242047,
  "matched_manual": 3,
  "matched_sam": 3,
  "total_manual": 3,
  "total_sam": 18
}