{
  "best_iou_per_manual": [
    0.7595970033583054,
    0.7733596749958261
  ],
  "best_iou_per_sam": [
    0.0,
    0.7595970033583054,
    0.0,
    0.0,
    0.0,
    0.0,
    0.0,
    0.0,
    0.0,
    0.0,
    0.0,
    0.0,
    0.7733596749958261,
    0.0,
    0.0,
    0.0,
    0.0,
    0.0,
    0.0,
    0.0,
    0.0,
    0.0,
    0.0,
    0.0,
    0.0,
    0.0,
    0.0,
    0.0,
    0.0,
    0.0,
    0.0,
    0.0,
    0.0,
    0.0,
    0.0,
    0.0,
    0.20081944051992087,
    0.0,
    0.0,
    0.0,
    0.0
  ],
  "mean_iou": 0.7664783391770658,
  "max_iou": 0.7733596749958261,
  "matched_manual": 2,
  "matched_sam": 2,
  "total_manual": 2,
  "total_sam": 41
}