{
  "best_iou_per_manual": [
    0.5559126963554357
  ],
  "best_iou_per_sam": [
    0.014864460086865358,
    0.0,
    0.0,
    0.0,
    0.0,
    0.0,
    0.0,
    0.0,
    0.0,
    0.0,
    0.0,
    0.5559126963554357,
    0.0,
    0.0,
    0.0,
    0.0,
    0.0,
    0.0,
    0.0,
    0.0,
    0.0,
    0.0,
    0.0,
    0.0,
    0.0,
    0.0,
    0.0,
    0.0,
    0.0,
    0.0,
    0.0,
    0.0,
    0.0,
    0.0,
    0.0,
    0.0,
    0.0,
    0.0
  ],
  "mean_iou": 0.5559126963554357,
  "max_iou": 0.5559126963554357,
  "matched_manual": 1,
  "matched_sam": 1,
  "total_manual": 1,
  "total_sam": 38
}