{
  "best_iou_per_manual": [
    0.8167405616015048,
    0.8132882882882883,
    0.8633643617021277,
    0.8445817490494296,
    0.5341488277268094,
    0.8661458333333333,
    0.6297154202514891,
    0.7808772604848019
  ],
  "best_iou_per_sam": [
    0.0,
    0.8167405616015048,
    0.8132882882882883,
    0.8661458333333333,
    0.0,
    0.0,
    0.0,
    0.0,
    0.7808772604848019,
    0.0,
    0.8445817490494296,
    0.0,
    0.5341488277268094,
    0.8633643617021277,
    0.0,
    0.0,
    0.0,
    0.0,
    0.0,
    0.0,
    0.6297154202514891,
    0.23127667830811022,
    0.0,
    0.0,
    0.0,
    0.0,
    0.0,
    0.0,
    0.0,
    0.0,
    0.0,
    0.0,
    0.0,
    0.0
  ],
  "mean_iou": 0.768607787804723,
  "max_iou": 0.8661458333333333,
  "matched_manual": 8,
  "matched_sam": 8,
  "total_manual": 8,
  "total_sam": 34
}