{
  "best_iou_per_manual": [
    0.8507040037756627,
    0.8240550534100246,
    0.8697977960843051,
    0.8640696228760879,
    0.8470948012232415,
    0.8337790288529204,
    0.7115202827668407,
    0.7078074632573895,
    0.7305482217735674
  ],
  "best_iou_per_sam": [
    0.8640696228760879,
    0.8507040037756627,
    0.8240550534100246,
    0.0,
    0.0,
    0.0,
    0.0,
    0.0,
    0.0,
    0.0,
    0.0,
    0.8470948012232415,
    0.8697977960843051,
    0.0,
    0.0,
    0.0,
    0.0,
    0.0,
    0.0,
    0.0,
    0.0,
    0.0,
    0.0,
    0.0,
    0.8337790288529204,
    0.0,
    0.0,
    0.21772453990545687,
    0.0,
    0.0,
    0.0,
    0.0,
    0.0,
    0.7305482217735674,
    0.0,
    0.0,
    0.0,
    0.7115202827668407,
    0.0,
    0.0,
    0.0,
    0.0,
    0.0,
    0.7078074632573895
  ],
  "mean_iou": 0.8043751415577822,
  "max_iou": 0.8697977960843051,
  "matched_manual": 9,
  "matched_sam": 9,
  "total_manual": 9,
  "total_sam": 44
}