{
  "best_iou_per_manual": [
    0.0,
    0.8374414976599064,
    0.8016591729466152,
    0.8614614716846244,
    0.7843260188087774,
    0.0,
    0.0,
    0.8128258602711157
  ],
  "best_iou_per_sam": [
    0.8128258602711157,
    0.0,
    0.0,
    0.0,
    0.0,
    0.0,
    0.8374414976599064,
    0.0,
    0.0,
    0.0,
    0.8614614716846244,
    0.0,
    0.0,
    0.8016591729466152,
    0.0,
    0.7843260188087774,
    0.0,
    0.0,
    0.0,
    0.0,
    0.0,
    0.0,
    0.0,
    0.0,
    0.0,
    0.0,
    0.0,
    0.0,
    0.0,
    0.0,
    0.0,
    0.0,
    0.0,
    0.010166200239876634,
    0.0,
    0.0
  ],
  "mean_iou": 0.5122142526713799,
  "max_iou": 0.8614614716846244,
  "matched_manual": 5,
  "matched_sam": 5,
  "total_manual": 8,
  "total_sam": 36
}