{
  "best_iou_per_manual": [
    0.0004955147372917557,
    0.9145129224652088,
    0.5234170694983755,
    0.0,
    0.8607040592892033,
    0.8337468982630273,
    0.0
  ],
  "best_iou_per_sam": [
    0.8607040592892033,
    0.0,
    0.8337468982630273,
    0.0,
    0.9145129224652088,
    0.0,
    0.0,
    0.0,
    0.5234170694983755,
    0.0,
    0.0,
    0.0,
    0.0,
    0.0,
    0.0,
    0.0,
    0.0,
    0.0,
    0.0,
    0.0,
    0.0,
    0.0,
    0.0,
    0.0,
    0.0,
    0.0,
    0.0,
    0.0004955147372917557
  ],
  "mean_iou": 0.44755378060758666,
  "max_iou": 0.9145129224652088,
  "matched_manual": 4,
  "matched_sam": 4,
  "total_manual": 7,
  "total_sam": 28
}