{
  "best_iou_per_manual": [
    0.87408578770508,
    0.8329491689918719,
    0.764602053915276,
    0.7767088607594936,
    0.0,
    0.0
  ],
  "best_iou_per_sam": [
    0.764602053915276,
    0.0,
    0.7767088607594936,
    0.0,
    0.0,
    0.0,
    0.0,
    0.0,
    0.0,
    0.0,
    0.0,
    0.87408578770508,
    0.0,
    0.0,
    0.0,
    0.0,
    0.0,
    0.0,
    0.8329491689918719,
    0.0,
    0.0,
    0.0,
    0.0,
    0.0,
    0.0
  ],
  "mean_iou": 0.5413909785619536,
  "max_iou": 0.87408578770508,
  "matched_manual": 4,
  "matched_sam": 4,
  "total_manual": 6,
  "total_sam": 25
}