{
  "best_iou_per_manual": [
    0.6971601834048218,
    0.7545597094990509,
    0.8484218252997309,
    0.7916477530640036,
    0.6504324078288576
  ],
  "best_iou_per_sam": [
    0.0,
    0.0,
    0.0,
    0.6971601834048218,
    0.0,
    0.0,
    0.0,
    0.7545597094990509,
    0.6504324078288576,
    0.8484218252997309,
    0.0,
    0.0,
    0.0,
    0.7916477530640036,
    0.0,
    0.0,
    0.0,
    0.0,
    0.0,
    0.0,
    0.0,
    0.0,
    0.0,
    0.0,
    0.0,
    0.0,
    0.0,
    0.0,
    0.0,
    0.0,
    0.0
  ],
  "mean_iou": 0.748444375819293,
  "max_iou": 0.8484218252997309,
  "matched_manual": 5,
  "matched_sam": 5,
  "total_manual": 5,
  "total_sam": 31
}