{
  "best_iou_per_manual": [
    0.0,
    0.8549749687108886,
    0.0,
    0.8769074262461851,
    0.0,
    0.6780543163496908,
    0.6970139412207988,
    0.6379097517487313,
    0.7684667039731393,
    0.7930813581037797,
    0.0
  ],
  "best_iou_per_sam": [
    0.0,
    0.0,
    0.0,
    0.7684667039731393,
    0.8549749687108886,
    0.0,
    0.0,
    0.8769074262461851,
    0.7930813581037797,
    0.0,
    0.0,
    0.0,
    0.0,
    0.0,
    0.0,
    0.6970139412207988,
    0.0,
    0.0,
    0.0,
    0.0,
    0.0,
    0.0,
    0.0,
    0.0,
    0.0,
    0.0,
    0.6379097517487313,
    0.0,
    0.0,
    0.0,
    0.0,
    0.0,
    0.0,
    0.0,
    0.0,
    0.0,
    0.0,
    0.6780543163496908
  ],
  "mean_iou": 0.48240076966847395,
  "max_iou": 0.8769074262461851,
  "matched_manual": 7,
  "matched_sam": 7,
  "total_manual": 11,
  "total_sam": 38
}