{
  "best_iou_per_manual": [
    0.755388414907948,
    0.8958031837916064,
    0.8629964806435395,
    0.48646769362430464,
    0.9202175883952856,
    0.8818081587651598,
    0.6426119402985074
  ],
  "best_iou_per_sam": [
    0.6426119402985074,
    0.8818081587651598,
    0.8629964806435395,
    0.8958031837916064,
    0.0,
    0.01720915745211026,
    0.0,
    0.48646769362430464,
    0.9202175883952856,
    0.0,
    0.755388414907948,
    0.0,
    0.0,
    0.0,
    0.0,
    0.0,
    0.0,
    0.0,
    0.008406705466845745,
    0.0,
    0.021058173203474598,
    0.0,
    0.0,
    0.0,
    0.0,
    0.0,
    0.009244444444444444,
    0.0002577319587628866,
    0.00015030813166992335,
    0.0,
    0.0
  ],
  "mean_iou": 0.777899065775193,
  "max_iou": 0.9202175883952856,
  "matched_manual": 6,
  "matched_sam": 6,
  "total_manual": 7,
  "total_sam": 31
}