{
  "best_iou_per_manual": [
    0.833389658668469,
    0.7136325584390495,
    0.8711879836140192,
    0.7716112358022172
  ],
  "best_iou_per_sam": [
    0.0,
    0.7136325584390495,
    0.7716112358022172,
    0.0,
    0.0,
    0.833389658668469,
    0.8711879836140192,
    0.0,
    0.0,
    0.0,
    0.0,
    0.0,
    0.0,
    0.0,
    0.0,
    0.0,
    0.0,
    0.0,
    0.0,
    0.0,
    0.0,
    0.0,
    0.0,
    0.0,
    0.0
  ],
  "mean_iou": 0.7974553591309388,
  "max_iou": 0.8711879836140192,
  "matched_manual": 4,
  "matched_sam": 4,
  "total_manual": 4,
  "total_sam": 25
}