{
  "best_iou_per_manual": [
    0.0,
    0.8733367597510137
  ],
  "best_iou_per_sam": [
    0.0,
    0.0,
    0.0,
    0.0,
    0.0,
    0.0,
    0.0,
    0.0,
    0.0,
    0.0,
    0.8733367597510137,
    0.0,
    0.0,
    0.0,
    0.0,
    0.0,
    0.0,
    0.0,
    0.0,
    0.0,
    0.0,
    0.0,
    0.0,
    0.0,
    0.0,
    0.0,
    0.0,
    0.0,
    0.0,
    0.0,
    0.0,
    0.0,
    0.0,
    0.0,
    0.0
  ],
  "mean_iou": 0.43666837987550683,
  "max_iou": 0.8733367597510137,
  "matched_manual": 1,
  "matched_sam": 1,
  "total_manual": 2,
  "total_sam": 35
}