{
  "best_iou_per_manual": [
    0.3217404100853527,
    0.8190359226281855,
    0.8885722041259501,
    0.5973727941758329,
    0.8935750886874261
  ],
  "best_iou_per_sam": [
    0.3217404100853527,
    0.0,
    0.0,
    0.016746090341633667,
    0.0,
    0.0,
    0.8935750886874261,
    0.0,
    0.8885722041259501,
    0.0,
    0.0,
    0.0,
    0.0,
    0.0,
    0.5973727941758329,
    0.0,
    0.0,
    0.0,
    0.0,
    0.0,
    0.0,
    0.0,
    0.0,
    0.8190359226281855,
    0.0,
    0.0,
    0.0,
    0.004460241131786187,
    0.0,
    0.003866472704999617,
    0.0,
    0.0,
    0.0,
    0.0
  ],
  "mean_iou": 0.7040592839405494,
  "max_iou": 0.8935750886874261,
  "matched_manual": 4,
  "matched_sam": 4,
  "total_manual": 5,
  "total_sam": 34
}