{
  "best_iou_per_manual": [
    0.0,
    0.0,
    0.7432709186658865,
    0.8222996515679443,
    0.0,
    0.0,
    0.0,
    0.0,
    0.0,
    0.0,
    0.0,
    0.000441306266548985,
    0.0,
    0.0,
    0.0,
    0.07680936373577417,
    0.0,
    0.0,
    0.0,
    0.0,
    0.0,
    0.0,
    0.0002214782823507364,
    0.0,
    0.0,
    0.0,
    0.0,
    0.0,
    0.0,
    0.0,
    0.0,
    0.4166666666666667,
    0.0908396025264513,
    0.0,
    0.0,
    0.0,
    0.0,
    0.0,
    0.0,
    0.0,
    0.0,
    0.0,
    0.0,
    0.0,
    0.0,
    0.8003427592116538,
    0.0,
    0.0,
    0.8732967616351088,
    0.0,
    0.0,
    0.0,
    0.8464479774602536,
    0.0,
    0.0,
    0.0,
    0.8533450189891908,
    0.7647643384440659,
    0.7952237683339601,
    0.0,
    0.0,
    0.7404882688649335,
    0.0,
    0.8706530958439356,
    0.0,
    0.0,
    0.8780058651026393,
    0.0,
    0.0,
    0.5309521934315192,
    0.0,
    0.6256360765046499,
    0.0,
    0.0,
    0.0,
    0.7519345889910936,
    0.0,
    0.0,
    0.0,
    0.6714095996964523,
    0.0,
    0.0,
    0.7413136068146156
  ],
  "best_iou_per_sam": [
    0.8464479774602536,
    0.4166666666666667,
    0.8533450189891908,
    0.0002214782823507364,
    0.8222996515679443,
    0.0,
    0.8706530958439356,
    0.7519345889910936,
    0.7432709186658865,
    0.6256360765046499,
    0.7404882688649335,
    0.8732967616351088,
    0.7647643384440659,
    0.0,
    0.7413136068146156,
    0.7952237683339601,
    0.8780058651026393,
    0.5309521934315192,
    0.0,
    0.000441306266548985,
    0.6714095996964523,
    0.8003427592116538,
    0.0,
    0.0,
    0.0908396025264513
  ],
  "mean_iou": 0.1553537699642855,
  "max_iou": 0.8780058651026393,
  "matched_manual": 16,
  "matched_sam": 16,
  "total_manual": 83,
  "total_sam": 25
}