{
  "best_iou_per_manual": [
    0.0,
    0.06230135215213058,
    0.02527480744784267,
    0.4844526901669759,
    0.5662776519770075,
    0.27064935064935064,
    0.0,
    0.2736866253727919,
    0.0,
    0.0,
    0.0,
    0.7088351273579878,
    0.0,
    0.0,
    0.814073941775317,
    0.0,
    0.0,
    0.5870269176280105,
    0.6935261707988981,
    0.0,
    0.6657726692209451,
    0.7252905481847166,
    0.0,
    0.0,
    0.7770318525924867,
    0.014466326282518843,
    0.0,
    0.7127690517742874,
    0.7523071852340145,
    0.0,
    0.0,
    0.7207981829980532,
    0.0,
    0.0,
    0.0,
    0.006880733944954129,
    0.4361491871214536,
    0.008812829840651739,
    0.0,
    0.7052090032154341,
    0.8630730357357719,
    0.6046320630749015,
    0.0,
    0.0,
    0.7373519913885899,
    0.6788770968846286,
    0.7890309555854643,
    0.0,
    0.0,
    0.0002550153009180551,
    0.006218046151720326,
    0.0,
    0.2516523463317911,
    0.0,
    0.048932720886246964,
    0.4168320105820106
  ],
  "best_iou_per_sam": [
    0.8630730357357719,
    0.7770318525924867,
    0.6788770968846286,
    0.0,
    0.0,
    0.7890309555854643,
    0.7088351273579878,
    0.6046320630749015,
    0.7127690517742874,
    0.814073941775317,
    0.7207981829980532,
    0.5870269176280105,
    0.0,
    0.0,
    0.7373519913885899,
    0.0,
    0.18815584415584416,
    0.6935261707988981,
    0.4361491871214536,
    0.0,
    0.1099905303030303,
    0.06230135215213058,
    0.5662776519770075,
    0.32875241571827357,
    0.22926930816737215,
    0.0018788163457022077,
    0.7523071852340145,
    0.7052090032154341,
    0.4168320105820106,
    0.03554070473876063,
    0.0,
    0.6657726692209451,
    0.4844526901669759,
    0.7252905481847166,
    0.006880733944954129,
    0.2516523463317911,
    0.014466326282518843
  ],
  "mean_iou": 0.25729370513674776,
  "max_iou": 0.8630730357357719,
  "matched_manual": 17,
  "matched_sam": 17,
  "total_manual": 56,
  "total_sam": 37
}