{
  "best_iou_per_manual": [
    0.5241551372193242,
    0.0,
    0.0,
    0.5602972399150743,
    0.0,
    0.6395119016928762,
    0.5874487160006078,
    0.0,
    0.0,
    0.0,
    0.8454355035782859,
    0.7288989669942051,
    0.0,
    0.0,
    0.0,
    0.6605519221566438,
    0.0,
    0.0,
    0.8615212431664586,
    0.0,
    0.0,
    0.0,
    0.0,
    0.5443947620568509,
    0.0,
    0.0,
    0.836436170212766,
    0.0,
    0.0,
    0.4915181447283659,
    0.0,
    0.6368474404460213,
    0.5055884286653517,
    0.0,
    0.4782303370786517,
    0.5828025477707006,
    0.2752789989854582,
    0.0,
    0.838789594761989,
    0.0,
    0.3884297520661157,
    0.6902279854224934,
    0.0,
    0.0,
    0.0,
    0.0,
    0.0
  ],
  "best_iou_per_sam": [
    0.0,
    0.8454355035782859,
    0.4782303370786517,
    0.8615212431664586,
    0.0,
    0.836436170212766,
    0.5241551372193242,
    0.6368474404460213,
    0.0,
    0.6395119016928762,
    0.838789594761989,
    0.6902279854224934,
    0.0,
    0.5602972399150743,
    0.6605519221566438,
    0.5874487160006078,
    0.0,
    0.7288989669942051,
    0.5443947620568509,
    0.5740455665024631,
    0.0,
    0.0,
    0.0,
    0.0,
    0.0,
    0.4915181447283659,
    0.0,
    0.5828025477707006,
    0.5055884286653517,
    0.0,
    0.0
  ],
  "mean_iou": 0.24843329346634554,
  "max_iou": 0.8615212431664586,
  "matched_manual": 15,
  "matched_sam": 16,
  "total_manual": 47,
  "total_sam": 31
}