{
  "best_iou_per_manual": [
    0.0,
    0.339724840212328,
    0.0,
    0.0,
    0.0,
    0.0,
    0.0,
    0.0,
    0.00019714144898965008,
    0.0,
    0.0,
    0.0,
    0.0,
    0.0,
    0.0,
    0.0,
    0.0,
    0.0,
    0.6836028815419112,
    0.0,
    0.8486347022145775,
    0.0,
    0.0,
    0.7607541643785466,
    0.000946236559139785,
    0.0,
    0.0,
    0.0,
    0.0,
    0.0,
    0.6205161152157619,
    0.0,
    0.6309830159547092,
    0.0,
    0.0,
    0.7324488090263268,
    0.0,
    0.6315937149270483,
    0.0,
    0.0,
    0.0,
    0.0,
    0.0,
    0.7539654144305307,
    0.7094601704724823,
    0.0,
    0.0,
    0.0,
    0.3669724770642202,
    0.0,
    0.0,
    0.7203081232492997,
    0.0,
    0.0,
    0.0,
    0.2585412553102375,
    0.0,
    0.6279027410982606,
    0.0,
    0.0,
    0.0,
    0.0,
    0.0,
    0.0,
    0.8165462094417961,
    0.0,
    0.0,
    0.7418071406135484,
    0.0,
    0.0,
    0.0
  ],
  "best_iou_per_sam": [
    0.0,
    0.8165462094417961,
    0.8486347022145775,
    0.0,
    0.7094601704724823,
    0.7607541643785466,
    0.7418071406135484,
    0.6279027410982606,
    0.3669724770642202,
    0.0,
    0.0,
    0.6309830159547092,
    0.6836028815419112,
    0.006207875133025896,
    0.0,
    0.6205161152157619,
    0.0,
    0.7203081232492997,
    0.2585412553102375,
    0.7324488090263268,
    0.6315937149270483,
    0.0,
    0.7539654144305307,
    0.339724840212328
  ],
  "mean_iou": 0.1442944387768974,
  "max_iou": 0.8486347022145775,
  "matched_manual": 13,
  "matched_sam": 13,
  "total_manual": 71,
  "total_sam": 24
}