{
  "best_iou_per_manual": [
    0.0009315135069458507,
    0.0,
    0.0,
    0.7833115305550364,
    0.6495979186376537,
    0.4755909558067831,
    0.0,
    0.0,
    0.6719020364701185,
    0.0,
    0.0,
    0.640056454814096,
    0.0,
    0.0,
    0.0,
    0.8119847717257711,
    0.0196036498431708,
    0.769718792866941,
    0.0,
    0.0,
    0.8156122044644036,
    0.0,
    0.7203663098155553,
    0.0
  ],
  "best_iou_per_sam": [
    0.0,
    0.0,
    0.0196036498431708,
    0.7833115305550364,
    0.6719020364701185,
    0.6495979186376537,
    0.7203663098155553,
    0.640056454814096,
    0.769718792866941,
    0.0,
    0.0009315135069458507,
    0.0,
    0.0,
    0.0,
    0.8119847717257711,
    0.8156122044644036,
    0.0,
    0.0,
    0.0,
    0.4755909558067831,
    0.0,
    0.0
  ],
  "mean_iou": 0.26494483910443645,
  "max_iou": 0.8156122044644036,
  "matched_manual": 8,
  "matched_sam": 8,
  "total_manual": 24,
  "total_sam": 22
}