{
  "best_iou_per_manual": [
    0.0,
    0.0,
    0.0,
    0.6760693879652031,
    0.0,
    0.0,
    0.7301355578727842,
    0.7121166566446182,
    0.43161653033492314,
    0.0,
    0.000901357669990423,
    0.0,
    0.0,
    0.0
  ],
  "best_iou_per_sam": [
    0.0,
    0.000901357669990423,
    0.6760693879652031,
    0.0,
    0.7121166566446182,
    0.0,
    0.1498028059740092,
    0.43161653033492314,
    0.0,
    0.0,
    0.0,
    0.0,
    0.7301355578727842,
    0.0,
    0.0,
    0.0,
    0.2980995708708418,
    0.0
  ],
  "mean_iou": 0.18220282074910849,
  "max_iou": 0.7301355578727842,
  "matched_manual": 3,
  "matched_sam": 3,
  "total_manual": 14,
  "total_sam": 18
}