{
  "best_iou_per_manual": [
    0.0,
    0.6383934649421376,
    0.0,
    0.0,
    0.0,
    0.8070765406827984,
    0.6315328832208053,
    0.819672131147541,
    0.0,
    0.0,
    0.5186101659964945,
    0.0,
    0.6827329829509037,
    0.0,
    0.0,
    0.0,
    0.7286964532473514,
    0.0,
    0.0,
    0.0,
    0.0,
    0.0,
    0.0,
    0.6844214839226864,
    0.026419082125603864,
    0.7245420315606887,
    0.12404494382022471,
    0.642314990512334,
    0.0,
    0.0,
    0.0,
    0.0020445099879340396,
    0.0,
    0.0,
    0.0,
    0.0,
    0.4901330885727398,
    0.0,
    0.785950677911818,
    0.0,
    0.0,
    0.005748562859285179,
    0.0,
    0.7950013583265417,
    0.0
  ],
  "best_iou_per_sam": [
    0.7950013583265417,
    0.0,
    0.0,
    0.642314990512334,
    0.7286964532473514,
    0.0,
    0.8070765406827984,
    0.6844214839226864,
    0.0,
    0.0,
    0.0,
    0.7245420315606887,
    0.819672131147541,
    0.5186101659964945,
    0.6383934649421376,
    0.0,
    0.0,
    0.6827329829509037,
    0.0,
    0.4901330885727398,
    0.0,
    0.6315328832208053,
    0.785950677911818,
    0.005748562859285179,
    0.0,
    0.0,
    0.0,
    0.12404494382022471,
    0.0020445099879340396,
    0.028815619241776766,
    0.0,
    0.0,
    0.026419082125603864,
    0.0
  ],
  "mean_iou": 0.20238523003973083,
  "max_iou": 0.819672131147541,
  "matched_manual": 12,
  "matched_sam": 12,
  "total_manual": 45,
  "total_sam": 34
}