{
  "best_iou_per_manual": [
    0.7306454856223608,
    0.0,
    0.0,
    0.0,
    0.0,
    0.5535743364272919,
    0.016619136591601927,
    0.0,
    0.0,
    0.0,
    0.3949728061149493,
    0.0,
    0.0,
    0.0,
    0.47430025445292623,
    0.0,
    0.0,
    0.0,
    0.6205390517410978,
    0.0,
    0.5310611928737413,
    0.0,
    0.3017102615694165,
    0.0,
    0.0,
    0.6409642825489674,
    0.0,
    0.709808582509696,
    0.0,
    0.42348333029695756,
    0.7366938472942921,
    0.8377519444676759,
    0.8090626325463028,
    0.00019305019305019305,
    0.036119843459293,
    0.0,
    0.0,
    0.5248279864047086,
    0.0,
    0.0,
    0.7136845386533666,
    0.0,
    0.589085725921401,
    0.0,
    0.0,
    0.7190994258084014,
    0.6547788873038516,
    0.0,
    0.0,
    0.0,
    0.18670886075949367,
    0.7172456768967129
  ],
  "best_iou_per_sam": [
    0.0,
    0.0,
    0.7306454856223608,
    0.6409642825489674,
    0.8090626325463028,
    0.709808582509696,
    0.7366938472942921,
    0.8377519444676759,
    0.7136845386533666,
    0.589085725921401,
    0.7190994258084014,
    0.6205390517410978,
    0.18670886075949367,
    0.3949728061149493,
    0.0,
    0.7172456768967129,
    0.5248279864047086,
    0.4188936723255625,
    0.47430025445292623,
    0.3734847191394912,
    0.0,
    0.6547788873038516,
    0.42348333029695756,
    0.00019305019305019305,
    0.016022408963585436,
    0.5310611928737413,
    0.5535743364272919
  ],
  "mean_iou": 0.22928713731649147,
  "max_iou": 0.8377519444676759,
  "matched_manual": 15,
  "matched_sam": 15,
  "total_manual": 52,
  "total_sam": 27
}