{
  "best_iou_per_manual": [
    0.6615022310361923,
    0.43017236128875086,
    0.0,
    0.8048553478631816,
    0.8139885438649382,
    0.6755573516535327,
    0.0040489432703003335,
    0.0,
    0.0,
    0.0,
    0.0,
    0.0,
    0.8183881952326901,
    0.8423038728897716,
    0.415820791039552,
    0.0,
    0.627269060104881,
    0.0,
    0.8171164772727273,
    0.3606208536738015,
    0.0,
    0.6313021040095276,
    0.0,
    0.3771870794078062,
    0.005103969754253308,
    0.8032021347565044,
    0.4890159885610295,
    0.886741987548997,
    0.0,
    0.0,
    0.6361048204464574,
    0.8680686439837317,
    0.35636845154349084,
    0.0,
    0.6648683365446372,
    0.8826635376943385,
    0.7587431909686587,
    0.7463152757442655,
    0.8469721767594108,
    0.5377452610575324,
    0.0,
    0.7387821145270137,
    0.8737330355609002,
    0.0,
    0.8097193000461846,
    0.0,
    0.8330199965817809,
    0.0,
    0.0,
    0.0,
    0.6913546753481642,
    0.7233940325757939,
    0.0020782243651024566,
    0.0,
    0.0713174919134113,
    0.24589849984040854,
    0.6859413965087282,
    0.657535857042088,
    0.0,
    0.0,
    0.45671400414413504,
    0.0,
    0.8206880574539558,
    0.0,
    0.0,
    0.8320915380521554,
    0.7946907283902184,
    0.781308605959575,
    0.0,
    0.7197831402147337,
    0.6254548681991657,
    0.8634392816906217,
    0.0,
    0.3895247687940665,
    0.0,
    0.5726289324820537,
    0.8923732251521298
  ],
  "best_iou_per_sam": [
    0.8423038728897716,
    0.627269060104881,
    0.657535857042088,
    0.005103969754253308,
    0.0,
    0.6913546753481642,
    0.8680686439837317,
    0.8634392816906217,
    0.7587431909686587,
    0.7946907283902184,
    0.45671400414413504,
    0.43017236128875086,
    0.3895247687940665,
    0.0,
    0.0,
    0.8183881952326901,
    0.6859413965087282,
    0.7463152757442655,
    0.0,
    0.7387821145270137,
    0.5377452610575324,
    0.3771870794078062,
    0.8923732251521298,
    0.8826635376943385,
    0.8330199965817809,
    0.8737330355609002,
    0.8469721767594108,
    0.886741987548997,
    0.781308605959575,
    0.8032021347565044,
    0.0,
    0.8097193000461846,
    0.0,
    0.8206880574539558,
    0.0,
    0.31829646475087864,
    0.0,
    0.0,
    0.0,
    0.5726289324820537,
    0.0,
    0.4890159885610295,
    0.6254548681991657,
    0.8320915380521554,
    0.0,
    0.0,
    0.6313021040095276,
    0.0,
    0.0,
    0.41379669671234304,
    0.415820791039552,
    0.0,
    0.0020782243651024566,
    0.0,
    0.0,
    0.0,
    0.0,
    0.0,
    0.0,
    0.0,
    0.0,
    0.6361048204464574,
    0.7197831402147337,
    0.7233940325757939,
    0.0,
    0.0,
    0.0,
    0.46673336668334164,
    0.37135707210260155,
    0.41355607761245977,
    0.8139885438649382,
    0.00897226753670473,
    0.6755573516535327,
    0.0,
    0.0,
    0.0,
    0.8048553478631816,
    0.0,
    0.2252202338079672,
    0.6648683365446372,
    0.0713174919134113,
    0.20651607298001737,
    0.0,
    0.0,
    0.0,
    0.0,
    0.8171164772727273,
    0.6615022310361923
  ],
  "mean_iou": 0.4005651787378357,
  "max_iou": 0.8923732251521298,
  "matched_manual": 36,
  "matched_sam": 36,
  "total_manual": 77,
  "total_sam": 88
}